id,name,operator,lat,lon,status,physics_status,physics_detail,neighbours_status,neighbours_detail,history_status,history_detail,pm25,pm10,no2,co,relativehumidity,neighbours_pm25,neighbours_pm10,last_reading,band,neighbours_band,data_through
17,"R K Puram, Delhi",DPCC,28.563262,77.186937,ok,ok,"0.0% of the last 7 days' hours report impossible values (PM2.5 above PM10, out of range, or a stuck sensor).",ok,"Against its neighbours, its daytime PM10 reads 9% higher than at night (2% lower is typical for a station like it).",ok,"Its daytime humidity, against its neighbours, reads 3.6 pts lower than over its previous 3 weeks.",35.75,217.5,52.42,1.28,58.25,31.75,176.45,2026-10-04T17:00:00+05:30,Moderate,Moderate,2026-10-04T17:00:00+05:30
50,"Punjabi Bagh, Delhi",DPCC,28.674045,77.131023,ok,ok,"0.0% of the last 7 days' hours report impossible values (PM2.5 above PM10, out of range, or a stuck sensor).",ok,"Against its neighbours, its daytime PM10 reads 20% lower than at night (3% lower is typical for a station like it).",ok,"Its daytime PM10, against its neighbours, reads 5% higher than over its previous 3 weeks.",71.75,195.25,8.15,0.93,44.0,35.04,183.76,2026-10-04T17:00:00+05:30,Poor,Moderate,2026-10-04T17:00:00+05:30
235,"Anand Vihar, New Delhi",DPCC,28.646835,77.316032,ok,ok,"0.0% of the last 7 days' hours report impossible values (PM2.5 above PM10, out of range, or a stuck sensor).",ok,"Against its neighbours, its daytime PM10 reads 11% lower than at night (3% lower is typical for a station like it).",ok,"Its daytime PM10, against its neighbours, reads 26% lower than over its previous 3 weeks.",10.0,95.0,22.77,0.13,48.0,32.25,128.22,2026-10-04T17:00:00+05:30,Moderate,Moderate,2026-10-04T17:00:00+05:30
301,"Vikas Sadan, Gurugram",HSPCB,28.4501238,77.0263051,flag,flag,"5.9% of the last 7 days' hours report impossible values (PM2.5 above PM10, out of range, or a stuck sensor).",nodata,Not enough recent data from this station or its neighbours.,nodata,Not enough days to compare against its own history.,,,6.03,0.97,64.95,,,2026-10-04T17:00:00+05:30,,,2026-10-04T17:00:00+05:30
5404,"Pusa, Delhi",IMD,28.639645,77.146263,ok,ok,"0.0% of the last 7 days' hours report impossible values (PM2.5 above PM10, out of range, or a stuck sensor).",ok,"Against its neighbours, its daytime PM10 reads 3% higher than at night (about the same is typical for a station like it).",ok,"Its daytime PM10, against its neighbours, reads 17% lower than over its previous 3 weeks.",47.67,149.3,36.84,0.62,,36.91,188.12,2026-10-04T17:00:00+05:30,Moderate,Moderate,2026-10-04T17:00:00+05:30
5541,"Burari Crossing, New Delhi",IMD,28.7256504,77.2011573,ok,ok,"0.0% of the last 7 days' hours report impossible values (PM2.5 above PM10, out of range, or a stuck sensor).",ok,"Against its neighbours, its daytime PM10 reads 9% lower than at night (2% lower is typical for a station like it).",ok,"Its daytime PM10, against its neighbours, reads 9% lower than over its previous 3 weeks.",45.56,188.38,28.3,0.98,,36.84,173.25,2026-10-04T17:00:00+05:30,Moderate,Moderate,2026-10-04T17:00:00+05:30
5570,"Aya Nagar, New Delhi",IMD,28.474261,77.131606,ok,ok,"0.0% of the last 7 days' hours report impossible values (PM2.5 above PM10, out of range, or a stuck sensor).",ok,"Against its neighbours, its daytime PM10 reads 10% higher than at night (about the same is typical for a station like it).",ok,"Its daytime PM10, against its neighbours, reads 33% lower than over its previous 3 weeks.",28.37,123.14,20.17,0.91,,39.24,178.25,2026-10-04T17:00:00+05:30,Moderate,Moderate,2026-10-04T17:00:00+05:30
5586,"Sirifort, Delhi",CPCB,28.5504249,77.2159377,ok,ok,"0.0% of the last 7 days' hours report impossible values (PM2.5 above PM10, out of range, or a stuck sensor).",ok,"Against its neighbours, its daytime PM10 reads 14% lower than at night (2% lower is typical for a station like it).",ok,"Its daytime PM10, against its neighbours, reads 23% lower than over its previous 3 weeks.",31.25,204.46,20.63,0.41,65.38,31.38,162.12,2026-10-04T17:00:00+05:30,Moderate,Moderate,2026-10-04T17:00:00+05:30
5598,"Sector - 125, Noida, UP",UPPCB,28.5447608,77.3231257,ok,ok,"0.0% of the last 7 days' hours report impossible values (PM2.5 above PM10, out of range, or a stuck sensor).",ok,"Against its neighbours, its daytime PM10 reads 3% higher than at night (2% lower is typical for a station like it).",ok,"Its daytime humidity, against its neighbours, reads 2.2 pts higher than over its previous 3 weeks.",25.0,160.0,,0.6,49.5,31.5,187.27,2026-10-04T17:00:00+05:30,Severe,Poor,2026-10-04T17:00:00+05:30
5610,"North Campus, DU, Delhi",IMD,28.6573814,77.1585447,ok,ok,"0.0% of the last 7 days' hours report impossible values (PM2.5 above PM10, out of range, or a stuck sensor).",ok,"Against its neighbours, its daytime PM10 reads 6% lower than at night (2% lower is typical for a station like it).",ok,"Its daytime PM10, against its neighbours, reads 2% higher than over its previous 3 weeks.",34.83,201.78,58.48,1.32,,41.46,180.5,2026-10-04T17:00:00+05:30,Moderate,Moderate,2026-10-04T17:00:00+05:30
5613,"ITO, New Delhi",CPCB,28.628624,77.24106,watch,ok,"0.0% of the last 7 days' hours report impossible values (PM2.5 above PM10, out of range, or a stuck sensor).",watch,"Against its neighbours, its daytime PM10 reads 22% lower than at night (3% higher is typical for a station like it).",ok,"Its daytime PM10, against its neighbours, reads 12% lower than over its previous 3 weeks.",36.25,80.25,54.55,0.84,,25.38,164.32,2026-10-04T17:00:00+05:30,Moderate,Moderate,2026-10-04T17:00:00+05:30
5616,"Sector - 62, Noida, UP",IMD,28.6245479,77.3577104,ok,ok,"0.0% of the last 7 days' hours report impossible values (PM2.5 above PM10, out of range, or a stuck sensor).",ok,"Against its neighbours, its daytime PM10 reads 4% lower than at night (about the same is typical for a station like it).",ok,"Its daytime PM10, against its neighbours, reads 1% lower than over its previous 3 weeks.",73.38,180.04,37.7,0.31,,30.75,154.0,2026-10-04T17:00:00+05:30,Poor,Moderate,2026-10-04T17:00:00+05:30
5622,"NSIT Dwarka, Delhi",CPCB,28.60909,77.0325413,nodata,ok,"0.0% of the last 7 days' hours report impossible values (PM2.5 above PM10, out of range, or a stuck sensor).",ok,"Against its neighbours, its daytime PM10 reads 1% higher than at night (1% lower is typical for a station like it).",ok,"Its daytime PM10, against its neighbours, reads 17% lower than over its previous 3 weeks.",,,,,,34.0,185.5,2026-10-03T17:00:00+05:30,,Poor,2026-10-04T17:00:00+05:30
5626,"DTU, New Delhi",CPCB,28.7500499,77.1112615,ok,ok,"0.0% of the last 7 days' hours report impossible values (PM2.5 above PM10, out of range, or a stuck sensor).",ok,"Against its neighbours, its daytime PM10 reads 3% lower than at night (about the same is typical for a station like it).",ok,"Its daytime humidity, against its neighbours, reads 1.2 pts lower than over its previous 3 weeks.",32.0,155.0,11.27,0.05,68.61,34.09,188.0,2026-10-04T17:00:00+05:30,Moderate,Poor,2026-10-04T17:00:00+05:30
5627,"CRRI Mathura Road, New Delhi",IMD,28.5512005,77.2735737,ok,ok,"0.0% of the last 7 days' hours report impossible values (PM2.5 above PM10, out of range, or a stuck sensor).",ok,"Against its neighbours, its daytime PM10 reads 8% lower than at night (3% lower is typical for a station like it).",ok,"Its daytime PM10, against its neighbours, reads 19% higher than over its previous 3 weeks.",40.4,187.27,18.16,0.3,,22.88,153.0,2026-10-04T17:00:00+05:30,Poor,Moderate,2026-10-04T17:00:00+05:30
5630,"Shadipur, Delhi",CPCB,28.6514781,77.1473105,ok,ok,"0.0% of the last 7 days' hours report impossible values (PM2.5 above PM10, out of range, or a stuck sensor).",ok,"Against its neighbours, its daytime PM10 reads 3% lower than at night (3% higher is typical for a station like it).",ok,"Its daytime PM10, against its neighbours, reads 20% higher than over its previous 3 weeks.",27.55,165.75,62.55,1.0,92.11,41.46,198.51,2026-10-04T17:00:00+05:30,Moderate,Moderate,2026-10-04T17:00:00+05:30
5634,"Lodhi Road, New Delhi",IMD,28.5918245,77.2273074,ok,ok,"0.0% of the last 7 days' hours report impossible values (PM2.5 above PM10, out of range, or a stuck sensor).",ok,"Against its neighbours, its daytime PM10 reads 16% higher than at night (2% lower is typical for a station like it).",ok,"Its daytime PM10, against its neighbours, reads 9% lower than over its previous 3 weeks.",32.25,174.65,22.0,0.4,,23.88,136.38,2026-10-04T17:00:00+05:30,Moderate,Moderate,2026-10-04T17:00:00+05:30
5650,"IGI Airport (T3), Delhi",IMD,28.5627763,77.1180053,flag,ok,"0.7% of the last 7 days' hours report impossible values (PM2.5 above PM10, out of range, or a stuck sensor).",flag,"Against its neighbours, its daytime PM10 reads 35% lower than at night (1% lower is typical for a station like it).",ok,"Its daytime PM10, against its neighbours, reads 6% lower than over its previous 3 weeks.",37.92,157.8,37.99,0.49,,35.88,234.12,2026-10-04T17:00:00+05:30,Moderate,Moderate,2026-10-04T17:00:00+05:30
5665,"Vasundhara, Ghaziabad",UPPCB,28.6603346,77.3572563,watch,watch,"1.4% of the last 7 days' hours report impossible values (PM2.5 above PM10, out of range, or a stuck sensor).",ok,"Against its neighbours, its daytime PM10 reads 7% higher than at night (3% lower is typical for a station like it).",ok,"Its daytime humidity, against its neighbours, reads 2.1 pts higher than over its previous 3 weeks.",55.0,213.0,33.65,1.12,59.75,32.25,137.52,2026-10-04T17:00:00+05:30,Poor,Moderate,2026-10-04T17:00:00+05:30
6356,"Pusa, Delhi",DPCC,28.639645,77.146262,watch,ok,"0.0% of the last 7 days' hours report impossible values (PM2.5 above PM10, out of range, or a stuck sensor).",watch,"Against its neighbours, its daytime PM10 reads 29% higher than at night (1% lower is typical for a station like it).",ok,"Its daytime humidity, against its neighbours, reads 16.1 pts higher than over its previous 3 weeks.",35.25,250.75,40.92,0.94,87.0,36.91,188.12,2026-10-04T17:00:00+05:30,Moderate,Moderate,2026-10-04T17:00:00+05:30
6358,"Mandir Marg, New Delhi",DPCC,28.636429,77.201067,ok,ok,"0.0% of the last 7 days' hours report impossible values (PM2.5 above PM10, out of range, or a stuck sensor).",ok,"Against its neighbours, its daytime PM10 reads 16% higher than at night (about the same is typical for a station like it).",ok,"Its daytime PM10, against its neighbours, reads 9% higher than over its previous 3 weeks.",39.0,181.0,19.35,1.48,64.75,35.54,151.65,2026-10-04T17:00:00+05:30,Moderate,Moderate,2026-10-04T17:00:00+05:30
6359,"IHBAS, Dilshad Garden,New Delhi",CPCB,28.6811736,77.3025234,ok,ok,"0.0% of the last 7 days' hours report impossible values (PM2.5 above PM10, out of range, or a stuck sensor).",ok,"Against its neighbours, its daytime PM10 reads 6% higher than at night (3% higher is typical for a station like it).",ok,"Its daytime humidity, against its neighbours, reads 2.0 pts higher than over its previous 3 weeks.",61.7,115.7,36.87,,36.25,31.25,181.75,2026-10-04T17:00:00+05:30,Poor,Moderate,2026-10-04T17:00:00+05:30
6924,"Indirapuram, Ghaziabad",UPPCB,28.646233,77.358075,flag,ok,"0.0% of the last 7 days' hours report impossible values (PM2.5 above PM10, out of range, or a stuck sensor).",flag,"Against its neighbours, its daytime PM10 reads 35% lower than at night (2% higher is typical for a station like it).",ok,"Its daytime humidity, against its neighbours, reads 4.7 pts lower than over its previous 3 weeks.",34.0,61.0,34.7,0.73,45.75,42.75,187.02,2026-10-04T17:00:00+05:30,Moderate,Moderate,2026-10-04T17:00:00+05:30
6929,"Major Dhyan Chand National Stadium, Delhi",DPCC,28.611281,77.237738,ok,ok,"0.0% of the last 7 days' hours report impossible values (PM2.5 above PM10, out of range, or a stuck sensor).",ok,"Against its neighbours, its daytime PM10 reads 13% lower than at night (1% lower is typical for a station like it).",ok,"Its daytime PM10, against its neighbours, reads 13% lower than over its previous 3 weeks.",14.75,154.0,37.62,1.27,47.25,34.25,160.32,2026-10-04T17:00:00+05:30,Moderate,Moderate,2026-10-04T17:00:00+05:30
6931,"Dwarka-Sector 8, Delhi",DPCC,28.5710274,77.0719006,ok,ok,"0.0% of the last 7 days' hours report impossible values (PM2.5 above PM10, out of range, or a stuck sensor).",ok,"Against its neighbours, its daytime PM10 reads 2% lower than at night (2% lower is typical for a station like it).",ok,"Its daytime PM10, against its neighbours, reads 2% lower than over its previous 3 weeks.",36.0,282.75,34.15,0.56,49.75,37.92,157.8,2026-10-04T17:00:00+05:30,Very poor,Moderate,2026-10-04T17:00:00+05:30
6932,"Alipur, Delhi",DPCC,28.815329,77.15301,ok,ok,"0.0% of the last 7 days' hours report impossible values (PM2.5 above PM10, out of range, or a stuck sensor).",ok,"Against its neighbours, its daytime PM10 reads 4% higher than at night (about the same is typical for a station like it).",ok,"Its daytime PM10, against its neighbours, reads 7% higher than over its previous 3 weeks.",29.25,171.25,30.3,0.42,57.25,42.46,188.0,2026-10-04T17:00:00+05:30,Poor,Poor,2026-10-04T17:00:00+05:30
6934,"Dr. Karni Singh Shooting Range, Delhi",DPCC,28.498571,77.26484,ok,ok,"0.0% of the last 7 days' hours report impossible values (PM2.5 above PM10, out of range, or a stuck sensor).",ok,"Against its neighbours, its daytime PM10 reads about the same than at night (about the same is typical for a station like it).",ok,"Its daytime PM10, against its neighbours, reads 10% lower than over its previous 3 weeks.",22.0,198.5,33.23,0.68,52.5,28.12,180.01,2026-10-04T17:00:00+05:30,Moderate,Poor,2026-10-04T17:00:00+05:30
6936,"Arya Nagar, Bahadurgarh",HSPCB,28.6701,76.9254,ok,ok,"0.0% of the last 7 days' hours report impossible values (PM2.5 above PM10, out of range, or a stuck sensor).",nodata,Not enough recent data from this station or its neighbours.,nodata,Not enough days to compare against its own history.,7.65,148.5,29.78,0.49,70.32,,,2026-10-04T17:00:00+05:30,Moderate,,2026-10-04T17:00:00+05:30
6938,"Vivek Vihar, Delhi",DPCC,28.672342,77.31526,watch,watch,"2.0% of the last 7 days' hours report impossible values (PM2.5 above PM10, out of range, or a stuck sensor).",watch,"Against its neighbours, its daytime PM10 reads 31% higher than at night (2% lower is typical for a station like it).",ok,"Its daytime PM10, against its neighbours, reads 15% higher than over its previous 3 weeks.",30.5,194.0,84.45,1.1,,44.5,105.35,2026-10-04T17:00:00+05:30,Moderate,Moderate,2026-10-04T17:00:00+05:30
6953,"Sector-2 IMT, Manesar",HSPCB,28.360699,76.93609,ok,ok,"0.0% of the last 7 days' hours report impossible values (PM2.5 above PM10, out of range, or a stuck sensor).",nodata,Not enough recent data from this station or its neighbours.,nodata,Not enough days to compare against its own history.,78.55,120.8,38.9,1.87,,,,2026-10-04T17:00:00+05:30,Very poor,,2026-10-04T17:00:00+05:30
6957,"Jawaharlal Nehru Stadium, Delhi",DPCC,28.58028,77.233829,ok,ok,"0.0% of the last 7 days' hours report impossible values (PM2.5 above PM10, out of range, or a stuck sensor).",ok,"Against its neighbours, its daytime PM10 reads 18% lower than at night (3% lower is typical for a station like it).",ok,"Its daytime humidity, against its neighbours, reads 2.5 pts higher than over its previous 3 weeks.",27.0,146.0,33.6,0.65,48.0,26.0,164.32,2026-10-04T15:00:00+05:30,Moderate,Moderate,2026-10-04T17:00:00+05:30
6960,"Patparganj, Delhi",DPCC,28.623748,77.287205,ok,ok,"0.0% of the last 7 days' hours report impossible values (PM2.5 above PM10, out of range, or a stuck sensor).",ok,"Against its neighbours, its daytime PM10 reads 6% lower than at night (about the same is typical for a station like it).",ok,"Its daytime humidity, against its neighbours, reads 6.6 pts lower than over its previous 3 weeks.",18.5,140.75,17.18,0.11,48.0,21.12,124.5,2026-10-04T17:00:00+05:30,Moderate,Moderate,2026-10-04T17:00:00+05:30
6980,"Sector-1, Noida",UPPCB,28.589247,77.321962,ok,ok,"0.0% of the last 7 days' hours report impossible values (PM2.5 above PM10, out of range, or a stuck sensor).",ok,"Against its neighbours, its daytime PM10 reads 5% higher than at night (1% lower is typical for a station like it).",ok,"Its daytime PM10, against its neighbours, reads 8% lower than over its previous 3 weeks.",27.5,222.5,30.4,1.41,31.0,32.7,170.02,2026-10-04T17:00:00+05:30,Poor,Poor,2026-10-04T17:00:00+05:30
6988,"Sector-116, Noida",UPPCB,28.56923,77.393848,ok,ok,"0.0% of the last 7 days' hours report impossible values (PM2.5 above PM10, out of range, or a stuck sensor).",nodata,Not enough recent data from this station or its neighbours.,ok,"Its daytime humidity, against its neighbours, reads 2.1 pts higher than over its previous 3 weeks.",35.5,,55.08,1.31,47.5,30.75,170.02,2026-10-04T17:00:00+05:30,Very poor,Poor,2026-10-04T17:00:00+05:30
7005,"Loni, Ghaziabad",UPPCB,28.757294,77.278792,ok,ok,"0.0% of the last 7 days' hours report impossible values (PM2.5 above PM10, out of range, or a stuck sensor).",ok,"Against its neighbours, its daytime PM10 reads 2% lower than at night (4% lower is typical for a station like it).",ok,"Its daytime PM10, against its neighbours, reads 6% higher than over its previous 3 weeks.",49.0,267.0,39.65,0.85,41.75,38.78,178.94,2026-10-04T17:00:00+05:30,Very poor,Moderate,2026-10-04T17:00:00+05:30
8118,New Delhi-8118,,28.63576,77.22445,nodata,nodata,Fewer than 24 hours of PM data in the last 7 days.,nodata,Not enough recent data from this station or its neighbours.,nodata,Not enough days to compare against its own history.,,,,,,34.25,164.32,,,Moderate,2026-10-04T17:00:00+05:30
8235,"Jahangirpuri, Delhi",DPCC,28.73282,77.170633,flag,ok,"0.0% of the last 7 days' hours report impossible values (PM2.5 above PM10, out of range, or a stuck sensor).",ok,"Against its neighbours, its daytime PM10 reads 6% lower than at night (3% lower is typical for a station like it).",flag,"Its daytime humidity, against its neighbours, reads 5.2 pts higher than over its previous 3 weeks.",41.5,237.75,36.88,1.53,48.75,43.62,179.75,2026-10-04T17:00:00+05:30,Poor,Moderate,2026-10-04T17:00:00+05:30
8239,"Okhla Phase-2, Delhi",DPCC,28.530785,77.271255,watch,watch,"2.0% of the last 7 days' hours report impossible values (PM2.5 above PM10, out of range, or a stuck sensor).",ok,"Against its neighbours, its daytime PM10 reads about the same than at night (about the same is typical for a station like it).",ok,"Its daytime PM10, against its neighbours, reads 8% higher than over its previous 3 weeks.",19.5,172.75,19.43,1.15,50.0,23.5,173.63,2026-10-04T17:00:00+05:30,Poor,Poor,2026-10-04T17:00:00+05:30
8365,"Nehru Nagar, Delhi",DPCC,28.56789,77.250515,ok,ok,"0.0% of the last 7 days' hours report impossible values (PM2.5 above PM10, out of range, or a stuck sensor).",ok,"Against its neighbours, its daytime PM10 reads 8% higher than at night (3% higher is typical for a station like it).",ok,"Its daytime humidity, against its neighbours, reads 3.9 pts lower than over its previous 3 weeks.",20.75,126.75,18.48,0.78,46.25,31.75,180.96,2026-10-04T17:00:00+05:30,Moderate,Moderate,2026-10-04T17:00:00+05:30
8472,"Bawana, Delhi",DPCC,28.7762,77.051074,ok,ok,"0.0% of the last 7 days' hours report impossible values (PM2.5 above PM10, out of range, or a stuck sensor).",ok,"Against its neighbours, its daytime PM10 reads 4% lower than at night (1% lower is typical for a station like it).",ok,"Its daytime PM10, against its neighbours, reads 11% lower than over its previous 3 weeks.",43.25,193.5,9.32,0.2,48.75,36.84,189.75,2026-10-04T17:00:00+05:30,Poor,Poor,2026-10-04T17:00:00+05:30
8475,"Sonia Vihar, Delhi",DPCC,28.710508,77.249485,ok,ok,"0.0% of the last 7 days' hours report impossible values (PM2.5 above PM10, out of range, or a stuck sensor).",ok,"Against its neighbours, its daytime PM10 reads 12% higher than at night (1% lower is typical for a station like it).",ok,"Its daytime PM10, against its neighbours, reads 23% higher than over its previous 3 weeks.",32.0,169.5,19.35,0.58,48.75,55.0,157.69,2026-10-04T17:00:00+05:30,Moderate,Moderate,2026-10-04T17:00:00+05:30
8915,"Wazirpur, Delhi",DPCC,28.699793,77.165453,ok,ok,"0.0% of the last 7 days' hours report impossible values (PM2.5 above PM10, out of range, or a stuck sensor).",ok,"Against its neighbours, its daytime PM10 reads 27% higher than at night (about the same is typical for a station like it).",ok,"Its daytime humidity, against its neighbours, reads 3.3 pts lower than over its previous 3 weeks.",26.5,177.0,31.75,0.43,46.75,53.28,191.81,2026-10-04T17:00:00+05:30,Poor,Moderate,2026-10-04T17:00:00+05:30
8917,"Ashok Vihar, Delhi",DPCC,28.695381,77.181665,ok,ok,"0.0% of the last 7 days' hours report impossible values (PM2.5 above PM10, out of range, or a stuck sensor).",ok,"Against its neighbours, its daytime PM10 reads 5% lower than at night (3% higher is typical for a station like it).",ok,"Its daytime PM10, against its neighbours, reads 14% lower than over its previous 3 weeks.",61.0,127.0,21.1,1.12,48.25,40.2,191.81,2026-10-04T17:00:00+05:30,Moderate,Moderate,2026-10-04T17:00:00+05:30
10484,"Sri Aurobindo Marg, Delhi",DPCC,28.531346,77.190156,watch,ok,"0.0% of the last 7 days' hours report impossible values (PM2.5 above PM10, out of range, or a stuck sensor).",watch,"Against its neighbours, its daytime PM10 reads 50% higher than at night (2% higher is typical for a station like it).",ok,"Its daytime PM10, against its neighbours, reads 34% higher than over its previous 3 weeks.",51.0,178.25,13.75,0.83,69.75,29.12,175.23,2026-10-04T17:00:00+05:30,Moderate,Moderate,2026-10-04T17:00:00+05:30
10485,"Narela, Delhi",DPCC,28.822836,77.101981,watch,watch,"2.0% of the last 7 days' hours report impossible values (PM2.5 above PM10, out of range, or a stuck sensor).",ok,"Against its neighbours, its daytime PM10 reads 15% higher than at night (1% lower is typical for a station like it).",ok,"Its daytime PM10, against its neighbours, reads 25% higher than over its previous 3 weeks.",48.0,259.0,29.57,0.64,49.0,36.84,176.88,2026-10-04T17:00:00+05:30,Poor,Poor,2026-10-04T17:00:00+05:30
10486,"Mundka, Delhi",DPCC,28.684678,77.076574,ok,ok,"0.0% of the last 7 days' hours report impossible values (PM2.5 above PM10, out of range, or a stuck sensor).",ok,"Against its neighbours, its daytime PM10 reads 14% lower than at night (3% lower is typical for a station like it).",ok,"Its daytime PM10, against its neighbours, reads 10% lower than over its previous 3 weeks.",26.5,197.0,92.28,0.64,49.5,36.84,174.12,2026-10-04T17:00:00+05:30,Poor,Moderate,2026-10-04T17:00:00+05:30
10488,"Najafgarh, Delhi",DPCC,28.570173,76.933762,ok,ok,"0.0% of the last 7 days' hours report impossible values (PM2.5 above PM10, out of range, or a stuck sensor).",nodata,Not enough recent data from this station or its neighbours.,nodata,Not enough days to compare against its own history.,32.0,174.0,8.9,0.35,51.25,,,2026-10-04T17:00:00+05:30,Moderate,,2026-10-04T17:00:00+05:30
10820,"Sector 30, Faridabad",HSPCB,28.4417,77.3217,nodata,ok,"0.0% of the last 7 days' hours report impossible values (PM2.5 above PM10, out of range, or a stuck sensor).",watch,"Against its neighbours, its daytime PM10 reads 21% lower than at night (4% higher is typical for a station like it).",ok,"Its daytime PM10, against its neighbours, reads 30% lower than over its previous 3 weeks.",,,,,,22.0,172.75,2026-10-03T14:00:00+05:30,,Poor,2026-10-04T17:00:00+05:30
10831,"Rohini, Delhi",DPCC,28.732528,77.11992,ok,ok,"0.0% of the last 7 days' hours report impossible values (PM2.5 above PM10, out of range, or a stuck sensor).",ok,"Against its neighbours, its daytime PM10 reads 15% lower than at night (1% lower is typical for a station like it).",ok,"Its daytime PM10, against its neighbours, reads 20% lower than over its previous 3 weeks.",41.67,182.5,12.07,0.62,48.0,29.25,186.12,2026-10-04T17:00:00+05:30,Poor,Poor,2026-10-04T17:00:00+05:30
10908,"Sector 11, Faridabad",HSPCB,28.376058,77.315741,nodata,ok,"0.0% of the last 7 days' hours report impossible values (PM2.5 above PM10, out of range, or a stuck sensor).",nodata,Not enough recent data from this station or its neighbours.,nodata,Not enough days to compare against its own history.,,,,,,,,2026-10-02T13:00:00+05:30,,,2026-10-04T17:00:00+05:30
10921,"NISE Gwal Pahari, Gurugram",IMD,28.422681,77.148944,ok,ok,"0.0% of the last 7 days' hours report impossible values (PM2.5 above PM10, out of range, or a stuck sensor).",nodata,Not enough recent data from this station or its neighbours.,nodata,Not enough days to compare against its own history.,39.24,185.22,18.59,0.38,,,,2026-10-04T17:00:00+05:30,Moderate,,2026-10-04T17:00:00+05:30
11607,"Lodhi Road, Delhi",IITM,28.588333,77.221667,nodata,nodata,Fewer than 24 hours of PM data in the last 7 days.,nodata,Not enough recent data from this station or its neighbours.,nodata,Not enough days to compare against its own history.,,,,,,23.88,150.0,,,Moderate,2026-10-04T17:00:00+05:30
