17	R K Puram, Delhi - DPCC-3379481	28.563262	77.186937	DPCC
50	Punjabi Bagh, Delhi - DPCC-3379482	28.674045	77.131023	DPCC
235	Anand Vihar, New Delhi - DPCC-3379575	28.646835	77.316032	DPCC
301	Vikas Sadan, Gurugram - HSPCB-5945694	28.4501238	77.0263051	HSPCB
5404	Pusa, Delhi - IMD-3379470	28.639645	77.146263	IMD
5541	Burari Crossing, New Delhi - IMD-3379467	28.7256504	77.2011573	IMD
5570	Aya Nagar, New Delhi - IMD-3379471	28.474261	77.131606	IMD
5586	Sirifort, Delhi - CPCB-3379479	28.5504249	77.2159377	CPCB
5598	Sector - 125, Noida, UP - UPPCB-3379526	28.5447608	77.3231257	UPPCB
5610	North Campus, DU, Delhi - IMD-3379468	28.6573814	77.1585447	IMD
5613	ITO, New Delhi - CPCB-3379477	28.628624	77.24106	CPCB
5616	Sector - 62, Noida, UP - IMD-3379473	28.6245479	77.3577104	IMD
5622	NSIT Dwarka, Delhi - CPCB-3379476	28.60909	77.0325413	CPCB
5626	DTU, New Delhi - CPCB-3379478	28.7500499	77.1112615	CPCB
5627	CRRI Mathura Road, New Delhi - IMD-3379466	28.5512005	77.2735737	IMD
5630	Shadipur, Delhi - CPCB-3379474	28.6514781	77.1473105	CPCB
5634	Lodhi Road, New Delhi - IMD-3379472	28.5918245	77.2273074	IMD
5650	IGI Airport (T3), Delhi - IMD-3379469	28.5627763	77.1180053	IMD
5665	Vasundhara, Ghaziabad - UPPCB-3379523	28.6603346	77.3572563	UPPCB
6356	Pusa, Delhi - DPCC-3379541	28.639645	77.146262	DPCC
6358	Mandir Marg, New Delhi - DPCC-3379480	28.636429	77.201067	DPCC
6359	IHBAS, Dilshad Garden,New Delhi - CPCB-3379475	28.6811736	77.3025234	CPCB
6924	Indirapuram, Ghaziabad - UPPCB-3379596	28.646233	77.358075	UPPCB
6929	Major Dhyan Chand National Stadium, Delhi - DPCC-3379510	28.611281	77.237738	DPCC
6931	Dwarka-Sector 8, Delhi - DPCC -3379507	28.5710274	77.0719006	DPCC
6932	Alipur, Delhi - DPCC-3379585	28.815329	77.15301	DPCC
6934	Dr. Karni Singh Shooting Range, Delhi - DPCC-3379506	28.498571	77.26484	DPCC
6936	Arya Nagar, Bahadurgarh - HSPCB-5911905	28.6701	76.9254	HSPCB
6938	Vivek Vihar, Delhi - DPCC-3379520	28.672342	77.31526	DPCC
6953	Sector-2 IMT, Manesar - HSPCB-5933785	28.360699	76.93609	HSPCB
6957	Jawaharlal Nehru Stadium, Delhi - DPCC-3379509	28.58028	77.233829	DPCC
6960	Patparganj, Delhi - DPCC-3379516	28.623748	77.287205	DPCC
6980	Sector-1, Noida - UPPCB-3379617	28.589247	77.321962	UPPCB
6988	Sector-116, Noida - UPPCB-3379616	28.56923	77.393848	UPPCB
7005	Loni, Ghaziabad - UPPCB-3379597	28.757294	77.278792	UPPCB
8118	New Delhi-8118	28.63576	77.22445	CPCB
8235	Jahangirpuri, Delhi - DPCC-3379508	28.73282	77.170633	DPCC
8239	Okhla Phase-2, Delhi - DPCC-3379513	28.530785	77.271255	DPCC
8365	Nehru Nagar, Delhi - DPCC-3379514	28.56789	77.250515	DPCC
8472	Bawana, Delhi - DPCC-3379538	28.7762	77.051074	DPCC
8475	Sonia Vihar, Delhi - DPCC-3379517	28.710508	77.249485	DPCC
8915	Wazirpur, Delhi - DPCC-3379519	28.699793	77.165453	DPCC
8917	Ashok Vihar, Delhi - DPCC-3379505	28.695381	77.181665	DPCC
10484	Sri Aurobindo Marg, Delhi - DPCC-3379540	28.531346	77.190156	DPCC
10485	Narela, Delhi - DPCC-3379511	28.822836	77.101981	DPCC
10486	Mundka, Delhi - DPCC-3379539	28.684678	77.076574	DPCC
10488	Najafgarh, Delhi - DPCC-3379512	28.570173	76.933762	DPCC
10820	Sector 30, Faridabad - HSPCB-3379650	28.4417	77.3217	HSPCB
10831	Rohini, Delhi - DPCC-3379515	28.732528	77.11992	DPCC
10908	Sector 11, Faridabad - HSPCB-3379651	28.376058	77.315741	HSPCB
10921	NISE Gwal Pahari, Gurugram - IMD-3379586	28.422681	77.148944	IMD
11607	Lodhi Road, Delhi - IITM-3379667	28.588333	77.221667	IITM
