6927	Colaba, Mumbai - MPCB-3379614	18.91	72.82	MPCB
6943	Mahape, Navi Mumbai - MPCB-3379611	19.1135051	73.008978	MPCB
6945	Kurla, Mumbai - MPCB-3379603	19.0863	72.8888	MPCB
6948	Chhatrapati Shivaji Intl. Airport (T2), Mumbai - MPCB-3379606	19.10078	72.87462	MPCB
6956	Powai, Mumbai - MPCB-3379610	19.1375	72.915056	MPCB
6959	Siddharth Nagar-Worli, Mumbai - IITM-3379674	19.000083	72.813993	IITM
6965	Borivali East, Mumbai - MPCB-3397958	19.227474	72.864394	MPCB
6967	Sion, Mumbai - MPCB-3385877	19.047	72.8746	MPCB
6977	Nerul, Navi Mumbai - MPCB-3379602	19.008751	73.01662	MPCB
6987	Vile Parle West, Mumbai - MPCB-3379605	19.10861	72.83622	MPCB
11600	Mazgaon, Mumbai - IITM-3379666	18.96702	72.84214	IITM
11605	Navy Nagar-Colaba, Mumbai - IITM-3379670	18.897756	72.81332	IITM
11606	Borivali East, Mumbai - IITM-3379672	19.23241	72.86895	IITM
11611	Malad West, Mumbai - IITM-3379673	19.19709	72.82204	IITM
